Tempo; Número de blocos enviados; Número de retransmissões
0.0; 0; 0
0.01894974708557129; 236; 0
0.00398564338684082; 236; 0
